rowid,orderid,orderdate,shipdate,shipmode,customerid,customername,segment,country,city,state,postalcode,region,productid,category,subcategory,productname,sales
104,US-2016-156867,"","",Standard Class,LC-16870,Lena Cacioppo,Consumer,United States,Aurora,Colorado,80013,West,TEC-AC-10001552,Technology,Accessories,Logitech K350 2.4Ghz Wireless Keyboard,238.896
105,US-2016-156867,"","",Standard Class,LC-16870,Lena Cacioppo,Consumer,United States,Aurora,Colorado,80013,West,FUR-FU-10004006,Furniture,Furnishings,"\"Deflect-o DuraMat Lighweight",""
106,US-2016-156867,"","",Standard Class,LC-16870,Lena Cacioppo,Consumer,United States,Aurora,Colorado,80013,West,OFF-BI-10002794,Office Supplies,Binders,"\"Avery Trapezoid Ring Binder",""
202,CA-2015-133690,"","",First Class,BS-11755,Bruce Stewart,Consumer,United States,Denver,Colorado,80219,West,FUR-TA-10004289,Furniture,Tables,BoxOffice By Design Rectangular and Half-Moon Meeting Room Tables,218.75
203,CA-2015-133690,"","",First Class,BS-11755,Bruce Stewart,Consumer,United States,Denver,Colorado,80219,West,OFF-AP-10003622,Office Supplies,Appliances,"\"Bravo II Megaboss 12-Amp Hard Body Upright",""
294,CA-2015-111451,"","",First Class,KL-16555,Kelly Lampkin,Corporate,United States,Colorado Springs,Colorado,80906,West,FUR-FU-10004091,Furniture,Furnishings,"\"Howard Miller 13\"\" Diameter Goldtone Round Wall Clock\"",300.416
295,CA-2015-111451,"","",First Class,KL-16555,Kelly Lampkin,Corporate,United States,Colorado Springs,Colorado,80906,West,FUR-CH-10001891,Furniture,Chairs,Global Deluxe Office Fabric Chairs,230.352
296,CA-2015-111451,"","",First Class,KL-16555,Kelly Lampkin,Corporate,United States,Colorado Springs,Colorado,80906,West,FUR-FU-10002918,Furniture,Furnishings,Eldon ClusterMat Chair Mat with Cordless Antistatic Protection,218.352
297,CA-2015-111451,"","",First Class,KL-16555,Kelly Lampkin,Corporate,United States,Colorado Springs,Colorado,80906,West,OFF-BI-10004593,Office Supplies,Binders,Ibico Laser Imprintable Binding System Covers,78.6
298,CA-2015-111451,"","",First Class,KL-16555,Kelly Lampkin,Corporate,United States,Colorado Springs,Colorado,80906,West,OFF-FA-10004854,Office Supplies,Fasteners,"\"Vinyl Coated Wire Paper Clips in Organizer Box",""
310,CA-2017-142902,"","",Second Class,BP-11185,Ben Peterman,Corporate,United States,Arvada,Colorado,80004,West,FUR-FU-10001918,Furniture,Furnishings,C-Line Cubicle Keepers Polyproplyene Holder With Velcro Backings,15.136
311,CA-2017-142902,"","",Second Class,BP-11185,Ben Peterman,Corporate,United States,Arvada,Colorado,80004,West,FUR-CH-10004086,Furniture,Chairs,Hon 4070 Series Pagoda Armless Upholstered Stacking Chairs,466.768
312,CA-2017-142902,"","",Second Class,BP-11185,Ben Peterman,Corporate,United States,Arvada,Colorado,80004,West,FUR-FU-10001756,Furniture,Furnishings,"\"Eldon Expressions Desk Accessory",""
313,CA-2017-142902,"","",Second Class,BP-11185,Ben Peterman,Corporate,United States,Arvada,Colorado,80004,West,OFF-LA-10000634,Office Supplies,Labels,Avery 509,6.264
422,CA-2015-142048,"","",First Class,JE-15745,Joel Eaton,Consumer,United States,Louisville,Colorado,80027,West,TEC-AC-10004114,Technology,Accessories,KeyTronic 6101 Series - Keyboard - Black,196.752
501,US-2017-105578,"","",Standard Class,MY-17380,Maribeth Yedwab,Corporate,United States,Parker,Colorado,80134,West,OFF-BI-10001670,Office Supplies,Binders,Vinyl Sectional Post Binders,22.62
502,US-2017-105578,"","",Standard Class,MY-17380,Maribeth Yedwab,Corporate,United States,Parker,Colorado,80134,West,OFF-BI-10001658,Office Supplies,Binders,GBC Standard Therm-A-Bind Covers,14.952
503,US-2017-105578,"","",Standard Class,MY-17380,Maribeth Yedwab,Corporate,United States,Parker,Colorado,80134,West,FUR-CH-10001215,Furniture,Chairs,Global Troy Executive Leather Low-Back Tilter,801.568
504,US-2017-105578,"","",Standard Class,MY-17380,Maribeth Yedwab,Corporate,United States,Parker,Colorado,80134,West,OFF-BI-10000831,Office Supplies,Binders,Storex Flexible Poly Binders with Double Pockets,2.376
505,US-2017-105578,"","",Standard Class,MY-17380,Maribeth Yedwab,Corporate,United States,Parker,Colorado,80134,West,OFF-PA-10000357,Office Supplies,Paper,"\"White Dual Perf Computer Printout Paper",""
582,CA-2018-145233,"","",Standard Class,DV-13465,Dianna Vittorini,Consumer,United States,Denver,Colorado,80219,West,TEC-PH-10004977,Technology,Phones,GE 30524EE4,470.376
583,CA-2018-145233,"","",Standard Class,DV-13465,Dianna Vittorini,Consumer,United States,Denver,Colorado,80219,West,TEC-PH-10000586,Technology,Phones,AT&T SB67148 SynJ,105.584
584,CA-2018-145233,"","",Standard Class,DV-13465,Dianna Vittorini,Consumer,United States,Denver,Colorado,80219,West,OFF-AP-10000358,Office Supplies,Appliances,Fellowes Basic Home/Office Series Surge Protectors,31.152
585,CA-2018-145233,"","",Standard Class,DV-13465,Dianna Vittorini,Consumer,United States,Denver,Colorado,80219,West,OFF-BI-10002764,Office Supplies,Binders,Recycled Pressboard Report Cover with Reinforced Top Hinge,6.783
586,CA-2018-145233,"","",Standard Class,DV-13465,Dianna Vittorini,Consumer,United States,Denver,Colorado,80219,West,TEC-PH-10001254,Technology,Phones,Jabra BIZ 2300 Duo QD Duo Corded Headset,406.368
631,US-2017-135720,"","",Second Class,FM-14380,Fred McMath,Consumer,United States,Aurora,Colorado,80013,West,OFF-ST-10001963,Office Supplies,Storage,Tennsco Regal Shelving Units,243.384
632,US-2017-135720,"","",Second Class,FM-14380,Fred McMath,Consumer,United States,Aurora,Colorado,80013,West,TEC-AC-10001267,Technology,Accessories,Imation 32GB Pocket Pro USB 3.0 Flash Drive - 32 GB - Black - 1 P ...,119.8
633,US-2017-135720,"","",Second Class,FM-14380,Fred McMath,Consumer,United States,Aurora,Colorado,80013,West,TEC-PH-10002103,Technology,Phones,Jabra SPEAK 410,300.768
637,US-2017-123470,"","",Standard Class,ME-17725,Max Engle,Consumer,United States,Aurora,Colorado,80013,West,OFF-BI-10001989,Office Supplies,Binders,Premium Transparent Presentation Covers by GBC,18.882
638,US-2017-123470,"","",Standard Class,ME-17725,Max Engle,Consumer,United States,Aurora,Colorado,80013,West,OFF-AP-10003287,Office Supplies,Appliances,Tripp Lite TLP810NET Broadband Surge for Modem/Fax,122.328
806,CA-2015-134313,"","",Standard Class,RA-19915,Russell Applegate,Consumer,United States,Denver,Colorado,80219,West,OFF-AR-10001897,Office Supplies,Art,Model L Table or Wall-Mount Pencil Sharpener,43.176
807,CA-2015-134313,"","",Standard Class,RA-19915,Russell Applegate,Consumer,United States,Denver,Colorado,80219,West,TEC-PH-10001795,Technology,Phones,ClearOne CHATAttach 160 - speaker phone,1983.968
982,CA-2015-163419,"","",Second Class,TZ-21580,Tracy Zic,Consumer,United States,Louisville,Colorado,80027,West,OFF-AR-10000034,Office Supplies,Art,"\"BIC Brite Liner Grip Highlighters",""
983,CA-2015-163419,"","",Second Class,TZ-21580,Tracy Zic,Consumer,United States,Louisville,Colorado,80027,West,TEC-PH-10000560,Technology,Phones,Samsung Galaxy S III - 16GB - pebble blue (T-Mobile),559.984
984,CA-2015-163419,"","",Second Class,TZ-21580,Tracy Zic,Consumer,United States,Louisville,Colorado,80027,West,FUR-CH-10000665,Furniture,Chairs,"\"Global Airflow Leather Mesh Back Chair",""
1072,CA-2017-152814,"","",Standard Class,EH-14005,Erica Hernandez,Home Office,United States,Denver,Colorado,80219,West,OFF-PA-10001970,Office Supplies,Paper,Xerox 1881,29.472
1201,CA-2017-114727,"","",Standard Class,LS-16945,Linda Southworth,Corporate,United States,Denver,Colorado,80219,West,FUR-CH-10002335,Furniture,Chairs,Hon GuestStacker Chair,544.008
1202,CA-2017-114727,"","",Standard Class,LS-16945,Linda Southworth,Corporate,United States,Denver,Colorado,80219,West,OFF-BI-10004967,Office Supplies,Binders,Round Ring Binders,1.872
1203,CA-2017-114727,"","",Standard Class,LS-16945,Linda Southworth,Corporate,United States,Denver,Colorado,80219,West,FUR-CH-10002331,Furniture,Chairs,Hon 4700 Series Mobuis Mid-Back Task Chairs with Adjustable Arms,854.352
1204,CA-2017-114727,"","",Standard Class,LS-16945,Linda Southworth,Corporate,United States,Denver,Colorado,80219,West,OFF-ST-10002292,Office Supplies,Storage,"\"Sauder Facets Collection Locker/File Cabinet",""
1205,CA-2017-114727,"","",Standard Class,LS-16945,Linda Southworth,Corporate,United States,Denver,Colorado,80219,West,OFF-ST-10000689,Office Supplies,Storage,"\"Fellowes Strictly Business Drawer File",""
1269,CA-2018-121412,"","",Standard Class,BG-11695,Brooke Gillingham,Corporate,United States,Louisville,Colorado,80027,West,FUR-FU-10000246,Furniture,Furnishings,Aluminum Document Frame,29.328
1296,CA-2016-138898,"","",Standard Class,JH-16180,Justin Hirsh,Consumer,United States,Pueblo,Colorado,81001,West,OFF-AP-10004487,Office Supplies,Appliances,Kensington 4 Outlet MasterPiece Compact Power Control Center,845.728
1370,US-2016-103471,"","",Standard Class,JR-15670,Jim Radford,Consumer,United States,Colorado Springs,Colorado,80906,West,FUR-BO-10002613,Furniture,Bookcases,"\"Atlantic Metals Mobile 4-Shelf Bookcases",""
1371,US-2016-103471,"","",Standard Class,JR-15670,Jim Radford,Consumer,United States,Colorado Springs,Colorado,80906,West,OFF-AR-10003405,Office Supplies,Art,"\"Dixon My First Ticonderoga Pencil",""
1444,CA-2016-166135,"","",Standard Class,SC-20440,Shaun Chance,Corporate,United States,Aurora,Colorado,80013,West,OFF-ST-10002974,Office Supplies,Storage,"\"Trav-L-File Heavy-Duty Shuttle II",""
1864,US-2017-100839,"","",Standard Class,NC-18625,Noah Childs,Corporate,United States,Aurora,Colorado,80013,West,FUR-TA-10004575,Furniture,Tables,Hon 5100 Series Wood Tables,727.45
1865,US-2017-100839,"","",Standard Class,NC-18625,Noah Childs,Corporate,United States,Aurora,Colorado,80013,West,FUR-FU-10001617,Furniture,Furnishings,"\"Executive Impressions 8-1/2\"\" Career Panel/Partition Cubicle Clock\"",24.96
1928,CA-2018-121538,"","",First Class,RH-19495,Rick Hansen,Consumer,United States,Denver,Colorado,80219,West,OFF-PA-10004071,Office Supplies,Paper,"\"Eaton Premium Continuous-Feed Paper",""
1938,CA-2017-112109,"","",Standard Class,JE-15715,Joe Elijah,Consumer,United States,Broomfield,Colorado,80020,West,OFF-BI-10002082,Office Supplies,Binders,GBC Twin Loop Wire Binding Elements,19.968
1939,CA-2017-112109,"","",Standard Class,JE-15715,Joe Elijah,Consumer,United States,Broomfield,Colorado,80020,West,OFF-ST-10001505,Office Supplies,Storage,"\"Perma STOR-ALL Hanging File Box",""
1940,CA-2017-112109,"","",Standard Class,JE-15715,Joe Elijah,Consumer,United States,Broomfield,Colorado,80020,West,OFF-BI-10001634,Office Supplies,Binders,Wilson Jones Active Use Binders,8.736
1941,CA-2017-112109,"","",Standard Class,JE-15715,Joe Elijah,Consumer,United States,Broomfield,Colorado,80020,West,FUR-CH-10004287,Furniture,Chairs,SAFCO Arco Folding Chair,662.88
2101,US-2015-140116,"","",Standard Class,KT-16480,Kean Thornton,Consumer,United States,Denver,Colorado,80219,West,OFF-ST-10000078,Office Supplies,Storage,Tennsco 6- and 18-Compartment Lockers,636.408
2102,US-2015-140116,"","",Standard Class,KT-16480,Kean Thornton,Consumer,United States,Denver,Colorado,80219,West,OFF-AR-10001044,Office Supplies,Art,"\"BOSTON Ranger #55 Pencil Sharpener",""
2226,CA-2017-106383,"","",Second Class,BT-11440,Bobby Trafton,Consumer,United States,Littleton,Colorado,80122,West,FUR-BO-10002202,Furniture,Bookcases,"\"Atlantic Metals Mobile 2-Shelf Bookcases",""
2329,CA-2018-138422,"","",First Class,KN-16705,Kristina Nunn,Home Office,United States,Fort Collins,Colorado,80525,West,OFF-EN-10004147,Office Supplies,Envelopes,Wausau Papers Astrobrights Colored Envelopes,14.352
2438,CA-2015-164210,"","",Second Class,PW-19240,Pierre Wener,Consumer,United States,Louisville,Colorado,80027,West,FUR-TA-10000849,Furniture,Tables,Bevis Rectangular Conference Tables,145.98
2439,CA-2015-164210,"","",Second Class,PW-19240,Pierre Wener,Consumer,United States,Louisville,Colorado,80027,West,OFF-PA-10002259,Office Supplies,Paper,"\"Geographics Note Cards",""
2678,US-2015-160780,"","",Same Day,SV-20785,Stewart Visinsky,Consumer,United States,Pueblo,Colorado,81001,West,OFF-BI-10001116,Office Supplies,Binders,"\"Wilson Jones 1\"\" Hanging DublLock Ring Binders\"",11.088
2679,US-2015-160780,"","",Same Day,SV-20785,Stewart Visinsky,Consumer,United States,Pueblo,Colorado,81001,West,OFF-BI-10002931,Office Supplies,Binders,"\"Avery Trapezoid Extra Heavy Duty 4\"\" Binders\"",25.164
2692,US-2017-144211,"","",Standard Class,CS-12130,Chad Sievert,Consumer,United States,Englewood,Colorado,80112,West,OFF-PA-10002246,Office Supplies,Paper,"\"Wirebound Four 2-3/4 x 5 Forms per Page",""
2693,US-2017-144211,"","",Standard Class,CS-12130,Chad Sievert,Consumer,United States,Englewood,Colorado,80112,West,TEC-PH-10002890,Technology,Phones,AT&T 17929 Lendline Telephone,108.576
2777,CA-2016-127019,"","",Standard Class,ER-13855,Elpida Rittenbach,Corporate,United States,Colorado Springs,Colorado,80906,West,OFF-AP-10003971,Office Supplies,Appliances,Belkin 6 Outlet Metallic Surge Strip,60.984
3011,CA-2018-134845,"","",Standard Class,SR-20425,Sharelle Roach,Home Office,United States,Louisville,Colorado,80027,West,OFF-BI-10000773,Office Supplies,Binders,Insertable Tab Post Binder Dividers,12.03
3012,CA-2018-134845,"","",Standard Class,SR-20425,Sharelle Roach,Home Office,United States,Louisville,Colorado,80027,West,TEC-MA-10000822,Technology,Machines,Lexmark MX611dhe Monochrome Laser Printer,2549.985
3013,CA-2018-134845,"","",Standard Class,SR-20425,Sharelle Roach,Home Office,United States,Louisville,Colorado,80027,West,OFF-BI-10001543,Office Supplies,Binders,GBC VeloBinder Manual Binding System,21.594
3014,CA-2018-134845,"","",Standard Class,SR-20425,Sharelle Roach,Home Office,United States,Louisville,Colorado,80027,West,OFF-BI-10003355,Office Supplies,Binders,Cardinal Holdit Business Card Pockets,8.964
3015,CA-2018-134845,"","",Standard Class,SR-20425,Sharelle Roach,Home Office,United States,Louisville,Colorado,80027,West,OFF-PA-10002005,Office Supplies,Paper,Xerox 225,20.736
3176,US-2018-132059,"","",Standard Class,AP-10915,Arthur Prichep,Consumer,United States,Fort Collins,Colorado,80525,West,FUR-BO-10001811,Furniture,Bookcases,"\"Atlantic Metals Mobile 5-Shelf Bookcases",""
3177,US-2018-132059,"","",Standard Class,AP-10915,Arthur Prichep,Consumer,United States,Fort Collins,Colorado,80525,West,TEC-AC-10003280,Technology,Accessories,Belkin F8E887 USB Wired Ergonomic Keyboard,47.984
3418,CA-2016-151841,"","",Standard Class,TC-21475,Tony Chapman,Home Office,United States,Aurora,Colorado,80013,West,OFF-AP-10003971,Office Supplies,Appliances,Belkin 6 Outlet Metallic Surge Strip,43.56
3419,CA-2016-151841,"","",Standard Class,TC-21475,Tony Chapman,Home Office,United States,Aurora,Colorado,80013,West,OFF-SU-10001574,Office Supplies,Supplies,Acme Value Line Scissors,5.84
3601,CA-2018-138310,"","",Standard Class,NP-18700,Nora Preis,Consumer,United States,Denver,Colorado,80219,West,TEC-AC-10001990,Technology,Accessories,Kensington Orbit Wireless Mobile Trackball for PC and Mac,431.928
3691,US-2016-131359,"","",Second Class,FA-14230,Frank Atkinson,Corporate,United States,Denver,Colorado,80219,West,TEC-MA-10000597,Technology,Machines,Lexmark S315 Color Inkjet Printer,59.994
3692,US-2016-131359,"","",Second Class,FA-14230,Frank Atkinson,Corporate,United States,Denver,Colorado,80219,West,TEC-CO-10001571,Technology,Copiers,Sharp 1540cs Digital Laser Copier,439.992
3693,US-2016-131359,"","",Second Class,FA-14230,Frank Atkinson,Corporate,United States,Denver,Colorado,80219,West,TEC-PH-10004531,Technology,Phones,OtterBox Commuter Series Case - iPhone 5 & 5s,87.96
3694,US-2016-131359,"","",Second Class,FA-14230,Frank Atkinson,Corporate,United States,Denver,Colorado,80219,West,FUR-FU-10003026,Furniture,Furnishings,"\"Eldon Regeneration Recycled Desk Accessories",""
3726,CA-2017-151512,"","",Standard Class,SH-19975,Sally Hughsby,Corporate,United States,Denver,Colorado,80219,West,OFF-AP-10000252,Office Supplies,Appliances,Harmony HEPA Quiet Air Purifiers,18.72
3859,CA-2015-140816,"","",Same Day,TC-21295,Toby Carlisle,Consumer,United States,Thornton,Colorado,80229,West,TEC-AC-10001539,Technology,Accessories,Logitech G430 Surround Sound Gaming Headset with Dolby 7.1 Technology,447.944
3953,US-2017-151862,"","",Standard Class,ON-18715,Odella Nelson,Corporate,United States,Denver,Colorado,80219,West,TEC-PH-10003535,Technology,Phones,RCA ViSYS 25423RE1 Corded phone,159.984
3968,CA-2017-146010,"","",First Class,EH-14125,Eugene Hildebrand,Home Office,United States,Colorado Springs,Colorado,80906,West,OFF-BI-10003638,Office Supplies,Binders,GBC Durable Plastic Covers,40.635
4009,CA-2016-107468,"","",Standard Class,MK-17905,Michael Kennedy,Corporate,United States,Louisville,Colorado,80027,West,OFF-AR-10000634,Office Supplies,Art,Newell 320,6.848
4165,US-2018-106131,"","",First Class,TP-21565,Tracy Poddar,Corporate,United States,Aurora,Colorado,80013,West,TEC-AC-10003027,Technology,Accessories,Imation 8GB Mini TravelDrive USB 2.0 Flash Drive,169.064
4166,US-2018-106131,"","",First Class,TP-21565,Tracy Poddar,Corporate,United States,Aurora,Colorado,80013,West,OFF-ST-10003638,Office Supplies,Storage,Mobile Personal File Cube,168.624
4403,CA-2017-114538,"","",First Class,RC-19825,Roy Collins,Consumer,United States,Colorado Springs,Colorado,80906,West,OFF-AR-10002445,Office Supplies,Art,SANFORD Major Accent Highlighters,11.328
4459,CA-2018-105851,"","",Standard Class,SE-20110,Sanjit Engle,Consumer,United States,Denver,Colorado,80219,West,OFF-SU-10002881,Office Supplies,Supplies,Martin Yale Chadless Opener Electric Letter Opener,1332.496
4460,US-2018-125717,"","",First Class,DS-13030,Darrin Sayre,Home Office,United States,Aurora,Colorado,80013,West,FUR-FU-10001979,Furniture,Furnishings,Dana Halogen Swing-Arm Architect Lamp,32.776
4461,US-2018-125717,"","",First Class,DS-13030,Darrin Sayre,Home Office,United States,Aurora,Colorado,80013,West,OFF-ST-10001522,Office Supplies,Storage,"\"Gould Plastics 18-Pocket Panel Bin",""
4462,US-2018-125717,"","",First Class,DS-13030,Darrin Sayre,Home Office,United States,Aurora,Colorado,80013,West,TEC-AC-10003657,Technology,Accessories,Lenovo 17-Key USB Numeric Keypad,54.384
4463,US-2018-125717,"","",First Class,DS-13030,Darrin Sayre,Home Office,United States,Aurora,Colorado,80013,West,OFF-BI-10001718,Office Supplies,Binders,GBC DocuBind P50 Personal Binding Machine,76.776
4464,US-2018-125717,"","",First Class,DS-13030,Darrin Sayre,Home Office,United States,Aurora,Colorado,80013,West,OFF-PA-10003022,Office Supplies,Paper,Xerox 1992,14.352
4465,US-2018-125717,"","",First Class,DS-13030,Darrin Sayre,Home Office,United States,Aurora,Colorado,80013,West,OFF-AP-10000891,Office Supplies,Appliances,Kensington 7 Outlet MasterPiece HOMEOFFICE Power Control Center,209.792
4523,CA-2018-105445,"","",Second Class,BP-11095,Bart Pistole,Corporate,United States,Louisville,Colorado,80027,West,OFF-FA-10001229,Office Supplies,Fasteners,Staples,9.432
4642,CA-2018-130141,"","",Second Class,HA-14905,Helen Abelman,Consumer,United States,Fort Collins,Colorado,80525,West,OFF-BI-10000831,Office Supplies,Binders,Storex Flexible Poly Binders with Double Pockets,3.168
4643,CA-2018-130141,"","",Second Class,HA-14905,Helen Abelman,Consumer,United States,Fort Collins,Colorado,80525,West,FUR-CH-10000749,Furniture,Chairs,Office Star - Ergonomic Mid Back Chair with 2-Way Adjustable Arms,579.136
4716,US-2016-122910,"","",Standard Class,LT-16765,Larry Tron,Consumer,United States,Louisville,Colorado,80027,West,TEC-PH-10000441,Technology,Phones,VTech DS6151,201.584
4785,CA-2016-104346,"","",Standard Class,IM-15070,Irene Maddox,Consumer,United States,Colorado Springs,Colorado,80906,West,OFF-AR-10001473,Office Supplies,Art,Newell 313,13.12
4786,CA-2016-104346,"","",Standard Class,IM-15070,Irene Maddox,Consumer,United States,Colorado Springs,Colorado,80906,West,FUR-BO-10003450,Furniture,Bookcases,"\"Bush Westfield Collection Bookcases",""
4787,CA-2016-104346,"","",Standard Class,IM-15070,Irene Maddox,Consumer,United States,Colorado Springs,Colorado,80906,West,OFF-AR-10001545,Office Supplies,Art,Newell 326,4.224
4788,CA-2016-104346,"","",Standard Class,IM-15070,Irene Maddox,Consumer,United States,Colorado Springs,Colorado,80906,West,TEC-AC-10004396,Technology,Accessories,Logitech Keyboard K120,58.08
4789,CA-2016-104346,"","",Standard Class,IM-15070,Irene Maddox,Consumer,United States,Colorado Springs,Colorado,80906,West,FUR-FU-10002456,Furniture,Furnishings,"\"Master Caster Door Stop",""
4790,CA-2016-104346,"","",Standard Class,IM-15070,Irene Maddox,Consumer,United States,Colorado Springs,Colorado,80906,West,FUR-FU-10001473,Furniture,Furnishings,DAX Wood Document Frame,54.92
4791,CA-2016-104346,"","",Standard Class,IM-15070,Irene Maddox,Consumer,United States,Colorado Springs,Colorado,80906,West,FUR-TA-10000849,Furniture,Tables,Bevis Rectangular Conference Tables,364.95
4792,CA-2016-104346,"","",Standard Class,IM-15070,Irene Maddox,Consumer,United States,Colorado Springs,Colorado,80906,West,OFF-PA-10001166,Office Supplies,Paper,Xerox 1932,85.056
4793,CA-2016-104346,"","",Standard Class,IM-15070,Irene Maddox,Consumer,United States,Colorado Springs,Colorado,80906,West,OFF-PA-10003256,Office Supplies,Paper,Avery Personal Creations Heavyweight Cards,27.696
4933,CA-2016-106978,"","",Standard Class,ZC-21910,Zuschuss Carroll,Consumer,United States,Aurora,Colorado,80013,West,OFF-EN-10004483,Office Supplies,Envelopes,"\"#10 White Business Envelopes",""
4934,CA-2016-106978,"","",Standard Class,ZC-21910,Zuschuss Carroll,Consumer,United States,Aurora,Colorado,80013,West,OFF-BI-10002012,Office Supplies,Binders,Wilson Jones Easy Flow II Sheet Lifters,1.08
4935,CA-2016-106978,"","",Standard Class,ZC-21910,Zuschuss Carroll,Consumer,United States,Aurora,Colorado,80013,West,OFF-FA-10003021,Office Supplies,Fasteners,Staples,4.512
4987,CA-2017-149279,"","",Standard Class,CL-12700,Craig Leslie,Home Office,United States,Colorado Springs,Colorado,80906,West,OFF-PA-10003441,Office Supplies,Paper,Xerox 226,15.552
4988,CA-2017-149279,"","",Standard Class,CL-12700,Craig Leslie,Home Office,United States,Colorado Springs,Colorado,80906,West,FUR-CH-10004287,Furniture,Chairs,SAFCO Arco Folding Chair,1325.76
4989,CA-2017-149279,"","",Standard Class,CL-12700,Craig Leslie,Home Office,United States,Colorado Springs,Colorado,80906,West,OFF-BI-10004040,Office Supplies,Binders,Wilson Jones Impact Binders,3.108
5090,CA-2018-132738,"","",First Class,HM-14860,Harry Marie,Corporate,United States,Loveland,Colorado,80538,West,OFF-PA-10001752,Office Supplies,Paper,Hammermill CopyPlus Copy Paper (20Lb. and 84 Bright),7.968
5091,CA-2018-132738,"","",First Class,HM-14860,Harry Marie,Corporate,United States,Loveland,Colorado,80538,West,OFF-EN-10001141,Office Supplies,Envelopes,"\"Manila Recycled Extra-Heavyweight Clasp Envelopes",""
5092,CA-2018-156720,"","",Standard Class,JM-15580,Jill Matthias,Consumer,United States,Loveland,Colorado,80538,West,OFF-FA-10003472,Office Supplies,Fasteners,Bagged Rubber Bands,3.024
5174,CA-2016-107741,"","",First Class,FC-14335,Fred Chung,Corporate,United States,Pueblo,Colorado,81001,West,OFF-AR-10002399,Office Supplies,Art,"\"Dixon Prang Watercolor Pencils",""
5286,CA-2018-105991,"","",First Class,LH-17020,Lisa Hazard,Consumer,United States,Louisville,Colorado,80027,West,OFF-EN-10002600,Office Supplies,Envelopes,"\"Redi-Strip #10 Envelopes",""
5287,CA-2018-105991,"","",First Class,LH-17020,Lisa Hazard,Consumer,United States,Louisville,Colorado,80027,West,OFF-BI-10003274,Office Supplies,Binders,"\"Avery Durable Slant Ring Binders",""
5288,CA-2018-105991,"","",First Class,LH-17020,Lisa Hazard,Consumer,United States,Louisville,Colorado,80027,West,FUR-BO-10004467,Furniture,Bookcases,Bestar Classic Bookcase,89.991
5472,CA-2018-116946,"","",Standard Class,TS-21505,Tony Sayre,Consumer,United States,Parker,Colorado,80134,West,FUR-FU-10000320,Furniture,Furnishings,OIC Stacking Trays,13.36
5473,CA-2018-116946,"","",Standard Class,TS-21505,Tony Sayre,Consumer,United States,Parker,Colorado,80134,West,OFF-ST-10002554,Office Supplies,Storage,Tennsco Industrial Shelving,78.256
5474,CA-2018-116946,"","",Standard Class,TS-21505,Tony Sayre,Consumer,United States,Parker,Colorado,80134,West,FUR-BO-10000468,Furniture,Bookcases,O'Sullivan 2-Shelf Heavy-Duty Bookcases,102.018
5662,CA-2017-108875,"","",Standard Class,CL-12700,Craig Leslie,Home Office,United States,Aurora,Colorado,80013,West,FUR-FU-10002671,Furniture,Furnishings,Electrix 20W Halogen Replacement Bulb for Zoom-In Desk Lamp,21.44
5663,CA-2017-108875,"","",Standard Class,CL-12700,Craig Leslie,Home Office,United States,Aurora,Colorado,80013,West,OFF-ST-10001370,Office Supplies,Storage,Sensible Storage WireTech Storage Systems,511.056
6090,US-2018-162068,"","",Second Class,PC-18745,Pamela Coakley,Corporate,United States,Loveland,Colorado,80538,West,OFF-BI-10002813,Office Supplies,Binders,Avery Reinforcements for Hole-Punch Pages,1.188
6604,CA-2018-146346,"","",First Class,RA-19945,Ryan Akin,Consumer,United States,Commerce City,Colorado,80022,West,OFF-ST-10001418,Office Supplies,Storage,Carina Media Storage Towers in Natural & Black,146.352
6733,CA-2015-120096,"","",First Class,KE-16420,Katrina Edelman,Corporate,United States,Aurora,Colorado,80013,West,OFF-PA-10001977,Office Supplies,Paper,Xerox 194,177.536
6734,CA-2015-120096,"","",First Class,KE-16420,Katrina Edelman,Corporate,United States,Aurora,Colorado,80013,West,OFF-AP-10000692,Office Supplies,Appliances,Fellowes Mighty 8 Compact Surge Protector,32.432
7020,CA-2015-124737,"","",Standard Class,AP-10915,Arthur Prichep,Consumer,United States,Denver,Colorado,80219,West,OFF-PA-10001837,Office Supplies,Paper,Xerox 1976,15.552
7021,CA-2015-124737,"","",Standard Class,AP-10915,Arthur Prichep,Consumer,United States,Denver,Colorado,80219,West,OFF-SU-10004661,Office Supplies,Supplies,Acme Titanium Bonded Scissors,6.8
7022,CA-2015-124737,"","",Standard Class,AP-10915,Arthur Prichep,Consumer,United States,Denver,Colorado,80219,West,FUR-FU-10003274,Furniture,Furnishings,Regeneration Desk Collection,4.224
7023,CA-2015-124737,"","",Standard Class,AP-10915,Arthur Prichep,Consumer,United States,Denver,Colorado,80219,West,TEC-PH-10000149,Technology,Phones,Cisco SPA525G2 IP Phone - Wireless,143.64
7024,CA-2015-124737,"","",Standard Class,AP-10915,Arthur Prichep,Consumer,United States,Denver,Colorado,80219,West,OFF-PA-10000019,Office Supplies,Paper,Xerox 1931,31.104
7025,CA-2015-124737,"","",Standard Class,AP-10915,Arthur Prichep,Consumer,United States,Denver,Colorado,80219,West,OFF-PA-10001125,Office Supplies,Paper,Xerox 1988,223.056
7050,CA-2015-141355,"","",Standard Class,BF-11005,Barry Franz,Home Office,United States,Aurora,Colorado,80013,West,OFF-AR-10003179,Office Supplies,Art,Dixon Ticonderoga Core-Lock Colored Pencils,14.576
7532,CA-2017-107146,"","",First Class,LC-16885,Lena Creighton,Consumer,United States,Longmont,Colorado,80501,West,FUR-FU-10002298,Furniture,Furnishings,"\"Rubbermaid ClusterMat Chairmats",""
7533,CA-2017-107146,"","",First Class,LC-16885,Lena Creighton,Consumer,United States,Longmont,Colorado,80501,West,FUR-CH-10004853,Furniture,Chairs,"\"Global Manager's Adjustable Task Chair",""
7539,US-2018-112347,"","",Standard Class,BS-11380,Bill Stewart,Corporate,United States,Denver,Colorado,80219,West,OFF-ST-10003306,Office Supplies,Storage,Letter Size Cart,114.288
7540,US-2018-112347,"","",Standard Class,BS-11380,Bill Stewart,Corporate,United States,Denver,Colorado,80219,West,OFF-BI-10003707,Office Supplies,Binders,Aluminum Screw Posts,36.624
7541,US-2018-112347,"","",Standard Class,BS-11380,Bill Stewart,Corporate,United States,Denver,Colorado,80219,West,FUR-BO-10003546,Furniture,Bookcases,Hon 4-Shelf Metal Bookcases,242.352
7542,US-2018-112347,"","",Standard Class,BS-11380,Bill Stewart,Corporate,United States,Denver,Colorado,80219,West,TEC-PH-10000213,Technology,Phones,Seidio BD2-HK3IPH5-BK DILEX Case and Holster Combo for Apple iPhone 5/5s - Black,49.616
7543,US-2018-112347,"","",Standard Class,BS-11380,Bill Stewart,Corporate,United States,Denver,Colorado,80219,West,FUR-FU-10001488,Furniture,Furnishings,"\"Tenex 46\"\" x 60\"\" Computer Anti-Static Chairmat",""
7544,US-2018-112347,"","",Standard Class,BS-11380,Bill Stewart,Corporate,United States,Denver,Colorado,80219,West,TEC-PH-10004833,Technology,Phones,Macally Suction Cup Mount,57.36
7545,US-2018-112347,"","",Standard Class,BS-11380,Bill Stewart,Corporate,United States,Denver,Colorado,80219,West,FUR-CH-10002335,Furniture,Chairs,Hon GuestStacker Chair,906.68
7564,CA-2018-157672,"","",First Class,RB-19795,Ross Baird,Home Office,United States,Denver,Colorado,80219,West,TEC-AC-10001714,Technology,Accessories,Logitech MX Performance Wireless Mouse,63.824
7642,US-2017-157490,"","",First Class,LB-16795,Laurel Beltran,Home Office,United States,Pueblo,Colorado,81001,West,TEC-MA-10001695,Technology,Machines,Zebra GK420t Direct Thermal/Thermal Transfer Printer,703.71
7643,US-2017-157490,"","",First Class,LB-16795,Laurel Beltran,Home Office,United States,Pueblo,Colorado,81001,West,OFF-BI-10002824,Office Supplies,Binders,Recycled Easel Ring Binders,17.904
7644,US-2017-157490,"","",First Class,LB-16795,Laurel Beltran,Home Office,United States,Pueblo,Colorado,81001,West,OFF-BI-10002571,Office Supplies,Binders,"\"Avery Framed View Binder",""
7645,US-2017-157490,"","",First Class,LB-16795,Laurel Beltran,Home Office,United States,Pueblo,Colorado,81001,West,TEC-AC-10001553,Technology,Accessories,"\"Memorex 25GB 6X Branded Blu-Ray Recordable Disc",""
7717,CA-2016-149636,"","",Standard Class,SP-20620,Stefania Perrino,Corporate,United States,Colorado Springs,Colorado,80906,West,OFF-PA-10004041,Office Supplies,Paper,"\"It's Hot Message Books with Stickers",""
7718,CA-2016-149636,"","",Standard Class,SP-20620,Stefania Perrino,Corporate,United States,Colorado Springs,Colorado,80906,West,OFF-BI-10002764,Office Supplies,Binders,Recycled Pressboard Report Cover with Reinforced Top Hinge,1.938
7881,CA-2018-118017,"","",Second Class,LC-16870,Lena Cacioppo,Consumer,United States,Thornton,Colorado,80229,West,OFF-AR-10003856,Office Supplies,Art,Newell 344,13.344
7882,CA-2018-118017,"","",Second Class,LC-16870,Lena Cacioppo,Consumer,United States,Thornton,Colorado,80229,West,TEC-AC-10002006,Technology,Accessories,Memorex Micro Travel Drive 16 GB,76.752
7883,CA-2018-118017,"","",Second Class,LC-16870,Lena Cacioppo,Consumer,United States,Thornton,Colorado,80229,West,TEC-AC-10002006,Technology,Accessories,Memorex Micro Travel Drive 16 GB,102.336
7884,CA-2018-118017,"","",Second Class,LC-16870,Lena Cacioppo,Consumer,United States,Thornton,Colorado,80229,West,OFF-PA-10002246,Office Supplies,Paper,"\"Wirebound Four 2-3/4 x 5 Forms per Page",""
7885,CA-2018-118017,"","",Second Class,LC-16870,Lena Cacioppo,Consumer,United States,Thornton,Colorado,80229,West,OFF-SU-10004782,Office Supplies,Supplies,"\"Elite 5\"\" Scissors\"",47.32
7886,CA-2018-118017,"","",Second Class,LC-16870,Lena Cacioppo,Consumer,United States,Thornton,Colorado,80229,West,FUR-FU-10004351,Furniture,Furnishings,Staple-based wall hangings,23.376
7887,CA-2018-118017,"","",Second Class,LC-16870,Lena Cacioppo,Consumer,United States,Thornton,Colorado,80229,West,FUR-FU-10004270,Furniture,Furnishings,"\"Eldon Image Series Desk Accessories",""
7888,CA-2018-118017,"","",Second Class,LC-16870,Lena Cacioppo,Consumer,United States,Thornton,Colorado,80229,West,FUR-FU-10004053,Furniture,Furnishings,DAX Two-Tone Silver Metal Document Frame,16.192
7968,CA-2017-157707,"","",First Class,CC-12610,Corey Catlett,Corporate,United States,Denver,Colorado,80219,West,FUR-BO-10001567,Furniture,Bookcases,"\"Bush Westfield Collection Bookcases",""
7969,CA-2017-157707,"","",First Class,CC-12610,Corey Catlett,Corporate,United States,Denver,Colorado,80219,West,TEC-PH-10002583,Technology,Phones,iOttie HLCRIO102 Car Mount,15.992
7970,CA-2017-157707,"","",First Class,CC-12610,Corey Catlett,Corporate,United States,Denver,Colorado,80219,West,FUR-CH-10004853,Furniture,Chairs,"\"Global Manager's Adjustable Task Chair",""
7994,US-2016-165743,"","",Second Class,MM-18055,Michelle Moray,Consumer,United States,Aurora,Colorado,80013,West,OFF-BI-10001982,Office Supplies,Binders,Wilson Jones Custom Binder Spines & Labels,4.896
7995,US-2016-165743,"","",Second Class,MM-18055,Michelle Moray,Consumer,United States,Aurora,Colorado,80013,West,FUR-BO-10002268,Furniture,Bookcases,Sauder Barrister Bookcases,145.764
7996,US-2016-165743,"","",Second Class,MM-18055,Michelle Moray,Consumer,United States,Aurora,Colorado,80013,West,OFF-BI-10001758,Office Supplies,Binders,Wilson Jones 14 Line Acrylic Coated Pressboard Data Binders,9.612
8012,US-2016-136427,"","",First Class,JM-16195,Justin MacKendrick,Consumer,United States,Aurora,Colorado,80013,West,TEC-PH-10002070,Technology,Phones,Griffin GC36547 PowerJolt SE Lightning Charger,125.944
8427,CA-2016-128356,"","",Standard Class,RP-19390,Resi Pölking,Consumer,United States,Thornton,Colorado,80229,West,OFF-SU-10004290,Office Supplies,Supplies,"\"Acme Design Line 8\"\" Stainless Steel Bent Scissors w/Champagne Handles",""
8465,CA-2016-144043,"","",Standard Class,AB-10165,Alan Barnes,Consumer,United States,Louisville,Colorado,80027,West,TEC-AC-10002718,Technology,Accessories,Belkin Standard 104 key USB Keyboard,46.688
8496,CA-2017-143154,"","",Standard Class,AS-10225,Alan Schoenberger,Corporate,United States,Longmont,Colorado,80501,West,TEC-AC-10002942,Technology,Accessories,WD My Passport Ultra 1TB Portable External Hard Drive,165.6
8550,CA-2016-126186,"","",First Class,GB-14530,George Bell,Corporate,United States,Aurora,Colorado,80013,West,FUR-FU-10000073,Furniture,Furnishings,Deflect-O Glasstique Clear Desk Accessories,24.64
8592,CA-2018-101700,"","",First Class,SO-20335,Sean O'Donnell,Consumer,United States,Greeley,Colorado,80634,West,OFF-EN-10003134,Office Supplies,Envelopes,Staple envelope,18.688
8593,CA-2018-101700,"","",First Class,SO-20335,Sean O'Donnell,Consumer,United States,Greeley,Colorado,80634,West,FUR-FU-10001025,Furniture,Furnishings,"\"Eldon Imàge Series Desk Accessories",""
8626,CA-2016-156118,"","",Standard Class,HG-14965,Henry Goldwyn,Corporate,United States,Colorado Springs,Colorado,80906,West,OFF-PA-10000533,Office Supplies,Paper,Southworth Parchment Paper & Envelopes,15.696
8770,CA-2017-151148,"","",Same Day,PO-19180,Philisse Overcash,Home Office,United States,Louisville,Colorado,80027,West,TEC-PH-10001870,Technology,Phones,Lunatik TT5L-002 Taktik Strike Impact Protection System for iPhone 5,146.952
8771,CA-2017-151148,"","",Same Day,PO-19180,Philisse Overcash,Home Office,United States,Louisville,Colorado,80027,West,FUR-CH-10002304,Furniture,Chairs,"\"Global Stack Chair without Arms",""
9023,US-2017-141880,"","",First Class,TC-21475,Tony Chapman,Home Office,United States,Fort Collins,Colorado,80525,West,FUR-FU-10001979,Furniture,Furnishings,Dana Halogen Swing-Arm Architect Lamp,98.328
9284,CA-2018-102218,"","",Second Class,LW-17215,Luke Weiss,Consumer,United States,Fort Collins,Colorado,80525,West,OFF-LA-10002475,Office Supplies,Labels,Avery 519,11.696
9393,CA-2016-130848,"","",Same Day,DG-13300,Deirdre Greer,Corporate,United States,Denver,Colorado,80219,West,FUR-CH-10000422,Furniture,Chairs,Global Highback Leather Tilter in Burgundy,582.336
9554,CA-2017-125724,"","",Standard Class,SM-20950,Suzanne McNair,Corporate,United States,Broomfield,Colorado,80020,West,FUR-FU-10000246,Furniture,Furnishings,Aluminum Document Frame,68.432
